/*
INSERT INTO oferta.usuario (id, email, senha) values (1, 'admin@algamoney.com', '$2a$10$X607ZPhQ4EgGNaYKt3n4SONjIv9zc.VMWdEuhCuba7oLAL5IvcL5.');
INSERT INTO oferta.permissao (id, descricao) values (1, 'ROLE_CADASTRAR_CATEGORIA');
INSERT INTO oferta.usuario_permissao (usuario_id, permissao_id) values (1, 1);
*/
--INSERT INTO oferta.usuario (id, email, senha) values (2, 'fabioifrr@gmail.com', '$2a$10$X607ZPhQ4EgGNaYKt3n4SONjIv9zc.VMWdEuhCuba7oLAL5IvcL5.');
--INSERT INTO oferta.permissao (id, descricao) values (1, 'ROLE_CADASTRAR_CATEGORIA');
--INSERT INTO oferta.usuario_permissao (usuario_id, permissao_id) values (2, 1);


--INSERT INTO permissao (id, descricao) values (2, 'ROLE_PESQUISAR_CATEGORIA');

/*
INSERT INTO oferta.permissao (id, descricao) values (1, 'ROLE_CADASTRAR_PESSOA');
INSERT INTO oferta.permissao (id, descricao) values (2, 'ROLE_REMOVER_PESSOA');
INSERT INTO oferta.permissao (id, descricao) values (3, 'ROLE_PESQUISAR_PESSOA');

INSERT INTO oferta.permissao (id, descricao) values (4, 'ROLE_CADASTRAR_LANCAMENTO');
INSERT INTO oferta.permissao (id, descricao) values (5, 'ROLE_REMOVER_LANCAMENTO');
INSERT INTO oferta.permissao (id, descricao) values (6, 'ROLE_PESQUISAR_LANCAMENTO');
*/


/*
-- admin
INSERT INTO usuario_permissao (usuario_id, permissao_id) values (1, 1);
INSERT INTO usuario_permissao (usuario_id, permissao_id) values (1, 2);
INSERT INTO usuario_permissao (usuario_id, permissao_id) values (1, 3);
INSERT INTO usuario_permissao (usuario_id, permissao_id) values (1, 4);
INSERT INTO usuario_permissao (usuario_id, permissao_id) values (1, 5);
INSERT INTO usuario_permissao (usuario_id, permissao_id) values (1, 6);
INSERT INTO usuario_permissao (usuario_id, permissao_id) values (1, 7);
INSERT INTO usuario_permissao (usuario_id, permissao_id) values (1, 8);

-- maria
INSERT INTO usuario_permissao (usuario_id, permissao_id) values (2, 2);
INSERT INTO usuario_permissao (usuario_id, permissao_id) values (2, 5);
INSERT INTO usuario_permissao (usuario_id, permissao_id) values (2, 8);
*/